Recipe ID,Ingredient
3566,vegetable oil
3566,goats’ cheese
3566,flour
3566,breadcrumbs
3566,freshpeas
3566,ozpea
3566,ishes
3566,mintleaves
3566,2lemons zest juice
3566,olive oil
3566,salt groundblack pepper
4338,Jerusalem artichokes
4338,ozbutter
4338,salt groundblack pepper
4338,vegetable oil
4338,Jerusalem artichokes
4338,salt
4338,2onions wedges
4338,garlic bulb
4338,tbspolive oil
4338,unsaltedbutter
4338,ozarborio rice
4338,drywhite wine
4338,18fl ozchicken stock
4338,blacktruffle
4338,ozartichoke purée
4338,Parmesan hard cheese
4338,pankobreadcrumbs
4338,salt groundblack pepper
4338,redradicchio
4338,yellowradicchio
4338,frisee
4338,tbspolive oil
4338,walnut oil
4338,1lemon juice
4338,ozwalnuthalves
1769,Italian ‘00 whiteflour
1769,semolina fl our
1769,tspsalt
1769,bspcaster sugar
1769,driedyeast
1769,San Marzanotomatoes
1769,ballsmozzarella
1769,ozpecorinocheese
1769,able oil
1769,handfulbasilleaves
1769,chillies
1769,lobster meat
1769,mango chilli sauce
1769,salt groundblack pepper
995,Brussels sprouts
995,red onion
995,carrots
995,ozcashewnuts
995,cuminseeds
995,Greek -sty ley ogh urt
995,mayonnaise
995,wholegrain mustard
995,lemon zest juice
995,chives
995,flat- leafpars ley
6467,able oil
6467,chicken legs
6467,Thai redcurry paste
6467,saltchicken stock
6467,tincoconut milk
6467,2lime leaves
6467,Thaifish sauce
6467,lightbrown sugar
6467,courgettes
6467,ozjasmine rice
6467,redchillies
6467,basil
5807,bulgar wheat
5807,firm ripetomatoes
5807,bunchspring onions
5807,flatleafparsley
5807,bunchmint
5807,groundcinnamon
5807,groundallspice
5807,ground black pepper
5807,salt
5807,1lemon juice
5807,extra virgin olive oil
5807,Gem lettuces vine leaves white cabbage leaves
279,butternut squash
279,vegetableoil
279,mediumcurry powder
279,garlicclove
279,rootginger
279,coconut milk
279,vegan margarine butter
279,firmtofu
279,2peppers
279,handfulsspring greens spinach peas broccoli vegetables
279,salt groundblack pepper
9671,stickcinnamon
9671,ripeplums stones
9671,demerara sugar
9671,limes juice
9671,mung bean rice vermicelli noodles
9671,toastedsesame oil
9671,pickledbeetroots
9671,mediumcarrot noodles
9671,1cucumber noodles
9671,1daikonor white turnip noodles
9671,pomelo grapefruit
9671,spring onions ice water spring onioncurls
9671,salmon
9671,peanuts
9671,wonton wrappers salt ground white pepper
1756,saltedbutter
1756,plain flour
1756,beeror milk
1756,matureCheddar
1756,Caerphilly cheese
1756,Shropshire blue bluecheese
1756,egg yolks
1756,pinchsalt
1756,greenchillies seeds
1756,garlicclove
1756,black peppercorns
1756,coriander
1756,English mustard
1756,slicesbread
1756,chutney
764,blackcurrants
764,orcaster sugar
764,smalllemon juice
6072,pork fillet
6072,groundnut oil
6072,garlicclove
6072,coriander
6072,darksoy sauce
6072,tspsugar
6072,pineapple
6072,lightsoy sauce
6072,Shaoxing rice wine ry sherry
6072,psesame oil
6072,cornflour
6072,coriandersprigs
5578,short -grain rice
5578,able oil
5578,chicken thighs
5578,tomatoketchup sauce
5578,ozsoy sauce
5578,unsalted but ter
5578,salt
5578,pinchwhite pepper
5578,ion
5578,bspplain flour
5578,butter
5578,brownonion
5578,tomatoketchup
5578,soy sauce
5578,tbspmilk
5578,wine
5578,tbspsugar
5578,handfulmushrooms
5578,eggs
5578,unsaltedbutter
8080,4lambcutlets
8080,garlicclove
8080,groundcinnamon
8080,groundcumin
8080,redchilli
8080,extra virgin olive oil
8080,youngspinachleaves
8080,freshmint
8080,sea salt groundblack pepper
8080,butternut squash
8080,extra virgin olive oil
8080,chilliflakes
8080,squeezelemon juice
2297,2ozcauliflower florets
2297,vegetable oil
2297,smallonion
2297,bspcurry powder
2297,apple juice
2297,double cream
2297,butter
2297,almonds
2297,apricots
2297,ozspinach
2297,3spring onions
2297,freshcoriander
2297,mediumpotato
2297,puff pastry
2297,egg
2297,salt groundblack pepper
2297,cucumber
2297,plainyoghurt
2297,mint
2297,groundcumin
2297,salt groundblack pepper
2944,tbspolive oil
2944,1onion
2944,garliccloves
2944,thickpork sausages meat
2944,tomatoes
2944,butter
2944,plain flour
2944,fl oz milk
2944,pennepasta
2944,salt pepper
4547,tbspolive oil
4547,4lamb shanks
4547,2onions
4547,4garliccloves
4547,groundcoriander
4547,groundcumin
4547,cayenne pepper
4547,groundcinnamon
4547,groundcardamom
4547,ground ginger
4547,20fl ozchicken stock
4547,pinchsaffron
4547,salt groundblack pepper
4547,tbsphoney
4547,figs
4547,preservedlemon
4547,tbsplemon juice
4547,fewparsleyleaves
4547,few
7291,caster sugar
7291,double cream
7291,sea saltflakes
7291,unsaltedbutter
7291,dark chocolate cocoa
7291,unsaltedbutter
7291,eggs
7291,lightbrown sugar
7291,caster sugar
7291,vanilla extract
7291,plain flour
7291,bspcocoa powder
7291,tspsalt
7291,white chocolate
7291,milk chocolate
7291,ozpecannuts
9636,ozmussels
9636,redchilli
9636,1lemongrassstalk
9636,rootginger
9636,ginger beer
9636,purple sprouting broccoli
9636,double cream
9636,tbspolive oil
9636,wildsea bassfillets
9636,1lemon wedges
5500,flour
5500,pinchsalt
5500,lightbrown sugar
5500,shreddedsuet vegetariansuet
5500,water
5500,raspberry jam
5500,milk
5500,demerara sugar
5500,custard
5486,tbspolive oil
5486,new potatoes
5486,onion
5486,eggs
5486,single cream
5486,nutmeg
5486,handfulmintleaves
5486,3garliccloves
5486,ozspinach
5486,goats' cheese
5486,salt groundblack pepper
3634,lamb mince or beef mince
3634,bread crumbs
3634,driedmint
3634,driedoregano
3634,ozfeta
3634,onions
3634,tbspolive oil
3634,1lemon
3634,tinscho tomatoes
3634,orcaster sugar xylitol agave syrup
3634,groundallspiceor cinnamon
3634,salt groundblack pepper
3634,cookedriceor cous c ous
7413,tbspolive oil
7413,1garlicclove
7413,redpepper
7413,ofchampagne
7413,1lemon juice zest
7413,3spring onions
7413,4scallops
7413,spaghetti
7413,tbspolive oil
7413,ofciabatta
7099,ripetomatoes
7099,3garliccloves
7099,ozolive oil
7099,salt groundblack pepper
7099,ozricotta
7099,nutmeg
7099,Parmesan
7099,freshpasta
7099,salt groundblack pepper
7099,ozbutter
7099,1lemon juice
7099,olive oil
7099,wholeburrata
6346,Désiréepotatoes
6346,unsaltedbutter
6346,vegetable orchicken stock
6346,double cream
6346,tbspparsleyoil bunchparsley bl olive oil
6346,black pudding
6346,olive oil
6346,sea salt groundblack pepper
6346,unsalted but ter
6346,black pudding
6346,bananashallot
6346,garliccloves
6346,curly or flatleafparsley alks
6346,cheddarslices
6346,white bread
6346,sea salt groundblack pepper
888,ozthymeleaves
888,Douglas fir pine
888,ozcoriander seeds
888,rosemary
888,sea salt
888,2ozmuttonshoulder
888,tbspolive oil
888,pintschicken
888,ozbutter
888,1shallot
888,finecapers
888,chervil chickweed corianderleaves
888,caster sugar
888,white wine vinegar
888,bananashallots
888,onions
888,groundnutoil
7389,eggs
7389,full-fatmilk
7389,tspsalt
7389,tspsugar
7389,groundturmeric
7389,garlicgranules
7389,oniongranules
7389,white bread
7389,cookedham turkey meat Quorn
7389,mildcheese
7389,vegetable oil
7389,tomatoketchup
1265,cauliflower
1265,tbspolive oil
1265,unsaltedbutter vegan butter
1265,1onion
1265,3garliccloves
1265,driedoregano
1265,rosemarysprigs leaves
1265,tbsptomato
1265,wine
1265,driedpappardelle
1265,salt groundblack pepper
1265,Parmesan cheese
1265,basilleaves
7285,chardonnayvinegar
7285,sugar
7285,peeledalmonds
7285,ozolive oil
7285,garlicclove
7285,sherry vinegar
7285,sea salt
7285,wholemackerel
7285,pinksalt
7285,sticksrhubarb
7285,tbspolive oil
8192,14ozrigatoni
8192,full-fatmilk
8192,unsaltedbutter
8192,plain flour
8192,yellowmustard
8192,Red Leicester
8192,ozcheddar
8192,ozmozzarella
8192,hot sauce
8192,groundblack pepper
8192,groundwhite pepper
9374,olive oil
9374,largeonions
9374,carrots
9374,stemscelery
9374,freshthymeleaves driedthyme
9374,garliccloves
9374,tbsptomato
9374,Puy lentils
9374,tomatoes
9374,balsamic vinegar
9374,driedpasta
9374,vegetariancheese
9374,sea salt groundblack pepper
8907,ozbutter
8907,dark chocolate
8907,shortbread bisc uits
8907,white chocolate
8907,cream cheese
8907,eggs
8907,cream
8907,vanilla extract
8907,freshraspberries
8907,raspberries
8907,icing sugar
8907,double cream
8907,white chocolate
7316,tinssardinesin oil
7316,tomatoes
7316,vegetable fish orchicken stock
7316,tbspolives
7316,tbsplemon juice vinegar
7316,spaghettior pasta
7316,salt black pepper
8015,wholemeals pelt flour
8015,sea salt
8015,baking powder
8015,eggs
8015,full-fatmilk
8015,tbspolive oil
8015,softgoats' cheese
8015,Greekyoghurt
8015,babybeetroots
8015,4 ishes
8015,handfulwatercress
8015,runnyhoney
8685,butter pudding
8685,caster sugar
8685,2eggs
8685,plain flour
8685,baking powder
8685,smalllemons zest juice
8685,milk
8685,tbspgolden syrup jam
8685,custard
2415,driedpasta
2415,extra virgin olive oil
2415,garliccloves
2415,chilliflakes
2415,babyspinach
2415,ozmascarpone
2415,single cream
2415,groundnutmeg
2415,Parmesan hard cheese
2415,salt groundblack pepper
9001,Coeur de Boeuf beefsteak tomatoes
9001,onion
9001,1shallot
9001,garlicclove
9001,Dijon mustard
9001,rapeseed oil
9001,splashwhite wine vinegar
9001,water
9001,flatleafparsley
9001,basilleaves
3868,2leeks
3868,ozchestnut mushrooms
3868,ausages
3868,chicken thighs
3868,largesweet potato wedges
3868,tbspolive oil
3868,roseharissa
3868,sea saltflakes
3868,tinchickpeas
3868,lemon
3868,virginolive oil
3868,3spring onions
3868,flatleafparsley
3868,garlicclove
3868,sea saltflakes
3868,yoghurt
860,tbspolive oil
860,2ozbraising steak
860,carrot
860,headgarlic
860,2celerysticks
860,tbsptomato
860,Burgundyred wine
860,freshthyme
860,ozbeef stock
860,unsalted but ter
860,plain flour
860,warmmilk
860,Comté
860,nutmeg
860,cookedmacaroni
860,Parmesan
860,breadcrumbs
860,salt groundblack pepper
1934,ive biscuits
1934,saltedpeanuts
1934,dark chocolatechips
1934,unsaltedbutter
1934,1ozcream cheese
1934,eggs
1934,egg yolks
1934,caster sugar
1934,cream
1934,smoothpeanut butter
1934,cream
1934,milk chocolatechips
1934,softbrown sugar
4265,ripetomatoes cherry baby plum datterini
4265,onion
4265,babycapersin brine
4265,extra virgin olive oil
4265,basilleaves
4265,mintleaves
4265,ozricotta
4265,salt black pepper
4265,flatbread
6587,blackcoffee espresso
6587,bspcaster sugar
6587,Amarettoliqueur
6587,eggs
6587,ozmascarponecheese
6587,whippedcream
6587,cocoa powder
6587,Savoiardi sponge lady fingerbiscuits
1074,10chicken thighs drumsticks
1074,ozbuttermilk plain yoghurt milk
1074,plain flour
1074,ozcornflour
1074,ground driedoregano
1074,chilli powder
1074,ground driedsage
1074,driedbasil
1074,marjoram
1074,groundwhite pepper
1074,tablesalt
1074,sweetpaprika
1074,tbspsm paprika
1074,onion salt
1074,garlicpowder
1074,oil
1074,coleslaw
4371,unsaltedbutter
4371,full-fatmilk
4371,plain bread flour
4371,groundcardamom
4371,instantyeast
4371,caster sugar
4371,egg
4371,unsaltedbutter
4371,vanilla paste
4371,groundcinnamon
4371,caster sugar
4371,egg
4371,caster sugar
4371,icing sugar
4371,satsuma zest
8627,tbspolive oil
8627,red and yellow peppers
8627,garliccloves
8627,white wine vinegar
8627,eggs
8627,salt groundblack pepper
7852,tbspolive oil
7852,onion
7852,4garliccloves
7852,tinbutter beans black beans
7852,tspsmoked paprika
7852,ozkaleor spinach
7852,tbsppesto
7852,sea salt groundblack pepper
2551,firmtofu
2551,tbspcornflour
2551,tbspsesame oil
2551,5radishes
2551,4spring onions
2551,sprinklesesame seeds
2551,tbspsesame oil
2551,tamari orsoy sauce
2551,3garliccloves
2551,chilliflakes
2551,rootginger
2551,basmatirice
3629,tspolive oil
3629,red wine vinegar
3629,driedoregano
3629,garlicclove
3629,onion
3629,wholemeal pitta bread
3629,cucumber
3629,greenpepper
3629,tomatoes
3629,ozpomegranates
3629,salt
3629,tspolive oil
3629,reduced-fatfeta
9210,breast ofveal
9210,onion cloves
9210,carrots
9210,bouquet garni flatleaf parsley thyme bay leaf
9210,salt
9210,ozbutter
9210,tbspolive oil
9210,1onion
9210,garlicclove
9210,11ozbasmati rice
9210,16flozchicken stock
9210,cocktail onions
9210,buttonmushrooms
9210,onions mushrooms
9210,double cream
9210,egg yolks
9210,crème fraîche
9210,salt groundblack pepper
9631,shallots
9631,ozbutter
9631,ofsalt
9631,wild mushrooms mushrooms
9631,water
9631,pintchicken stock
9631,salt ground blackpepper
9631,ozbutter
9631,wild mushrooms
9631,ofhazelnuts
5946,strong white flour
5946,finesea salt
5946,caster sugar
5946,egg yolk
5946,full-fatmilk
5946,vegetable oil
5946,unsaltedbutter
5946,ozpecans
5946,muscovadosugar
5946,pmaple syrup
5946,unsaltedbutter
5946,egg tbspmilk
5946,ozapricot jam
5946,tsplemon juice
5946,icing sugar
5946,water
5946,vanilla extract
4286,strawberry raspberry jam
4286,butter
4286,ozgolden syrup
4286,caster sugar
4286,eggs
4286,flour
4286,strawberry raspberryjam
2641,unsaltedbutter
2641,icing sugar
2641,vanilla bean paste
2641,plain flour
2641,baking powder
2641,pinchsalt
2641,royalicing sugar
2641,ingpastes gels
2258,ozbasmati rice
2258,vegetable rapeseedoil
2258,brownmuscovado sugar
2258,garliccloves
2258,1onion
2258,ginger
2258,pigeon peas black eyed beans red kidney beans
2258,pumpkinor seasonal squash
2258,carrots
2258,2okra
2258,babyspinach
2258,coconut milk
2258,sprigsthyme
2258,Scotch bonnet chilli
2258,tspsalt
2258,groundblack pepper
2258,ozcoriander
8212,able oil
8212,1onion
8212,rootginger
8212,3garliccloves
8212,mediumcurry powder
8212,lentils
8212,stockcube water
8212,tincoconut milk
8212,ozspinach
8212,1pitta bread
8212,plainyoghurt
8212,redchilli
8212,salt groundblack pepper
7784,anchovy fillets
7784,sprigsrosemary
7784,headgarlic
7784,ozgravy
7784,4ozpotatoes matchsticks
7784,Swedishanchovies
7784,ion
7784,double cream
7784,unsaltedbutter
7784,whitebreadcrumbs
7784,salt groundblack pepper
7784,sprout leaves baby sprouts leaves
7784,unsaltedbutter
3039,digestive biscuits
3039,unsaltedbutter
3039,double cream
3039,icing sugar
3039,vanilla bean paste
3039,full- cream cheese
3039,d strawberry pieces
3039,strawberries
3039,icing sugar
3039,tsplemon juice
3039,rangeegg whites
3039,caster sugar
3039,strawberries
3039,white chocolate
3039,strawberrys lic es gold lustre dust
2752,tbspsea salt
2752,golden caster sugar
2752,cidervinegar
2752,pointedcabbage
2752,fatgarliccloves
2752,ozbeetroot
2752,leftoverroast potatoes
2752,roastduck meat
2752,goose fator oil
2752,Savoy cabbage
2752,pinchsea salt
2752,oil ingeggs
2752,eggs
2752,pinchchilliflakes
2985,tins beans black beans cannellini beans borlotti beans
2985,peas sweetcorn
2985,tinscho tomatoes
2985,driedoregano
2985,red chilli flakes
2985,tbsptomato
2985,tacosshells
2985,avocado
2985,¼lemon juice
2985,handfulcorianderleaves
2985,ozcheddar
2985,cream
3949,puff pastry
3949,milk
3949,tspsunflower oil
3949,fryingsteaks
3949,1onion
3949,2ozchestnut mushrooms
3949,tspplain flour
3949,garlicpowder garlicclove
3949,ozbeef stock 1beef stockcube
3949,tbsptomato
3949,hire sauce
3949,mixed herbs
3949,salt groundblack pepper
8044,ready-mademayonnaise
8044,parmesan extraparmesansh ings
8044,white wine vinegar
8044,Dijon mustard
8044,garlicclove
8044,anchovy fillets
8044,smokedpaprika
8044,redchilli
8044,salt groundblack pepper
8044,hot smokedchicken breasts
8044,kidney beans
8044,onion
8044,Gem lettuce lettuce
8044,anchovy fillets
8044,croûtons
8044,groundblack pepper
7700,unsaltedbutter
7700,dark chocolate cocoa
7700,golden caster sugar
7700,eggs
7700,plain flour
7700,ozcocoa powder
7700,lightbrown sugar
3775,gulab jamun
3775,biscuits
3775,unsaltedbutter
3775,double cream
3775,cream cheese
3775,icing sugar
3775,ground greencardamom
3775,mixed almonds andpistachios
3108,flatmushrooms
3108,tbspolive oil
3108,largeshallots
3108,garliccloves
3108,salt groundblack pepper
3108,½lemon juice
3108,vegetable orchicken stock
3108,oz double cream
3108,unsalted but ter
3108,tbspolive oil
3108,mixed wild mushrooms
3108,salt groundblack pepper
3108,fillets mullet
3108,ozcrème fraîche
3108,2shallots
3108,freshchervil
3108,freshtarragon
3108,coriander
3108,fewchives
3108,salt groundblack pepper
3108,dropslemon juice
3108,extra virgin olive oil
308,baconrashers
308,eggs
308,probioticy oghurt apple sauce
308,pcoconut flour
308,matureCheddar
308,2spring onions
308,handfulkale
308,baking powder
308,tspsalt
308,groundblack pepper
5680,2ozpotatoes
5680,tbspsunflower oil
5680,bspghee
5680,cuminseeds
5680,nigella seeds
5680,coriander seeds
5680,rootginger
5680,4garliccloves
5680,tomatoes
5680,tbsptomatopurée
5680,groundturmeric
5680,tspchilli powder
5680,methi fenugreekleaves
5680,salt
5680,freshdill
5680,greenchilli
5680,½lemon wedges
3089,plain flour
3089,golden caster sugar
3089,baking powder
3089,fennel seeds
3089,unsaltedbutter
3089,blueberries
3089,egg
3089,wholemilk
3089,blueberries
3089,icing sugar
3089,squeezelemon juice
2166,ground almonds
2166,coconut
2166,caster sugar
2166,tspsalt
2166,½ozegg whites
2166,icing sugar
9013,plain flour
9013,icing sugar
9013,butter
9013,lemon zest
9013,eggs
9013,salt
9013,wholemilk
9013,stickscinnamon
9013,lemon zest
9013,egg yolks
9013,caster sugar
9013,cornflour
9013,egg white
9013,icing sugar
7739,2ozlamb mince
7739,mediumonion
7739,celerystick
7739,bspplain flour
7739,hotlamb stock stock cube
7739,tbsptomato
7739,mediumcarrots
7739,mixed herbs
7739,salt groundblack pepper
7739,b 10oz potatoes
7739,⅔ozbutter
7739,ozmilk
4275,rawjackfruit tinsjackfruit
4275,groundturmeric
4275,bspmustard oil
4275,cuminseeds
4275,tsppanch phoran
4275,redchillies
4275,3onions
4275,tomatoes
4275,greenchilli
4275,redchilli powder
4275,groundcumin
4275,groundcoriander
4275,tspsalt
4275,potato
4275,garam masala
4275,14ozbasmati rice
4275,vegetable orcorn oil
4275,bspmustard seeds
4275,chana dal
4275,whiteurid dal
4275,curry leaves
4275,groundturmeric
4275,tspsalt
4275,psugar
4275,3lemons juice
807,eggs
807,darkrye bread pumpernickel
807,unsaltedbutter
807,sea salt groundblack pepper
5028,ozraisins
5028,naturalglacé cherries
5028,2ozcurrants
5028,sultanas
5028,ptbrandyor sherry
5028,oranges z
5028,ozbutter
5028,light darkmuscovado sugar
5028,eggs
5028,blanchedalmonds
5028,plain flour
5028,spice
5028,apricot jam
5028,icing sugar
5028,8ozmarzipan
5028,eggs whites
5028,icing sugar
5028,tsplemon juice
5028,glycerine
1616,plain flour
1616,pinchsalt
1616,ozlard
1616,water
1616,tbspolive oil
1616,2onions
1616,2celerysticks
1616,freshthymeleaves
1616,garliccloves
1616,chicken thighs meat
1616,/9fl ozchicken stock
1616,double cream
1616,freshtarragon
1616,unsaltedbutter
1616,bspplain flour
1616,salt groundblack pepper
1616,chicken fish stock
1616,tbspplain flour
1616,unsaltedbutter
1616,curlyparsley
1616,salt groundblack pepper
1616,potato
1616,maltvinegar
8410,plain flour
8410,butter
8410,butter
8410,tspolive oil
8410,conferencepears
8410,eggs
8410,pintcrème fraîche
8410,sageleaves
8410,Stilton
8410,ozwalnuts
8410,tbsphoney
2099,2mackerelfillets
2099,orange juice
2099,1lime juice
2099,coriander seeds
2099,caster sugar
2099,sea salt
2099,1ozkale
2099,soy sauce
2099,psesame oil
2099,1lime juice
2099,redchilli
2099,greenchilli
2099,avocado extra virginolive oil
2099,edamamebeans
2099,bunchbasil
6609,2rabbits
6609,tbspolive oil
6609,4garliccloves
6609,rosemary
6609,drywhite wine
6609,½lemon juice
6609,seasonedflour
6609,ion
6609,anchovy fillets oil
6609,capers
3336,largeaubergines
3336,vegetable oil
3336,ozmilk
3336,bspsemolina
3336,sea saltflakes
3336,clearhoney
3336,Aleppo pepper pul biber) chilli flakes
3741,salmonfillet
3741,blackpeppercorns
3741,salt
3741,lightolive oil
3741,yellowpepper
3741,vegetable oil
3741,new potatoes
3741,plumtomatoes
3741,green beans
3741,salt andpepper
3741,virginolive oil
3741,parsley
3741,flat leafparsley
3741,tspsalt
3741,Dijon mustard
3741,tsplemon juice
3741,garlicclove
3741,Tabascosauce
3741,anchovy filets
3741,lightolive oil
3741,egg yolk
9088,green beans
9088,egg
9088,lightmayonnaise
9088,babycapers
9088,babygherkins
9088,mixed herbs
9088,tuna
9088,flour tortillas wraps wholemeal
9088,babyspinachleaves
9088,ripetomato
9088,blackolives in brine
9088,groundblack pepper
1721,flour
1721,pinchessalt
1721,groundblack pepper
1721,coconut oil ghee
1721,courgette
1721,handfulscherry tomatoes
1721,smallaubergine
1721,cuminseeds
1721,ghee orcoconut oil
1721,ghee
1721,mushrooms
1721,garlicclove
1721,driedthyme
1721,Cheddar
1721,avocado stone
1721,salmon
1721,black sesame seeds
1721,squeezelemon juice
1721,salt groundblack pepper
5911,caster sugar
5911,soft brown sugar
5911,crunchypeanut butter
5911,ozbutter
5911,vanilla extract
5911,eggs
5911,plain flour
5911,bicarbonate soda
5911,rolledoats
5911,icing sugar
5911,crunchypeanut butter
5911,ozbutter
7092,largeaubergine
7092,butternut squash
7092,courgettes
7092,redpeppers seeds
7092,tbspolive oil
7092,salt groundblack pepper
7092,balsamic vinegar
7092,tbspolive oil
7092,caster sugar
7092,grainymustard
7092,bananashallot
7092,garlicclove
7092,ozfeta
7092,mint
7092,choppedbasil
3942,brown wholemeal flour
3942,finesea salt
3942,plainyoghurt
3942,orangepepper seeds
3942,courgette
3942,onion wedges
3942,extra virgin olive oil
3942,chilliflakes
3942,mozzarella cheddar goats’ cheese mozzarella ball
3942,groundblack pepper
3942,freshbas aves
3942,tbsppassatasauce
3942,driedoregano
3744,Cabernet Sauvign on vinegar
3744,ozDijon mustard
3744,ozolive oil
3744,salt pepper
3744,1lemon juice zest
3744,lettuce
3744,tbspolive oil
3744,ozsamphire
3744,largesardines
3744,coarsesea salt
3744,parsley
5256,ozbeef mince
5256,whitebreadcrumbs
5256,driedoregano
5256,tbspolive oil
5256,1onion
5256,buttonmushrooms
5256,red yellowpepper seeds
5256,courgette
5256,garliccloves
5256,cancho tomatoes
5256,tbsptomato
5256,pasta penne orfusilli
5256,ozcheddar
5256,salt groundblack pepper
4070,chicken drumsticks
4070,tbspoil
4070,3garliccloves
4070,soy sauce
4070,tbspsrirachas au ce
4070,runnyhoney
4070,groundstar anise
4070,tbspcornflour
4070,coriander
8409,flour
8409,madepuff pastry
8409,Stilton
8409,parmesan
5276,streakybacon
5276,Dijon mustard
5276,full-fatmilk
5276,Ibérico pork fat
5276,ozsherry vinegar
5276,salt groundblack pepper
5276,maltvinegar
5276,caster sugar
5276,bananashallot
5276,mint oil
5276,slicessourdough bread
5276,tbspolive oil
5276,sea salt
5276,Sunsweetmelon cantaloupemelon skin seeds wedges
5276,smallmintleaves
5276,jamón
5276,smokedalmonds
7822,semi-skimmedmilk
7822,bay
7822,undyeds haddock
7822,garlicclove
7822,2spring onions
7822,sprigthyme
7822,tbspolive oil
7822,new potatoes
7822,ozparmesancheese
7822,Greekyoghurt
7822,groundblack pepper
7822,eggs
7822,vinegar
7822,water
7103,free -range egg whites eggs
7103,caster sugar
7103,vanilla extract
7103,white wine vinegar
7103,cornflour
7103,double cream
7103,vanilla extract
7103,icing sugar
7103,ripepeaches
7103,blackberries
7103,almonds
957,white bread
957,tbspolive oil
957,salt ground blackpepper
957,babybroad beans
957,lettuces
957,Parmesan hard cheese shavings vegetable
957,Dijon mustard
957,white wine vinegar
957,tbspolive oil
957,double single cream
957,tbspcaster sugar
957,salt ground blackpepper
7434,eggs
7434,pork sausage meat
7434,driedsage
7434,driedthyme
7434,pinchcayenne pepper
7434,groundblack pepper
7434,tbspplain flour
7434,whitebreadcrumbs
7434,vegetable oil
8402,bicarbonate soda
8402,unsaltedbutter
8402,darkbrown sugar
8402,eggs
8402,vanilla extract
8402,plain flour
8402,baking powder
8402,unsaltedbutter
8402,sugar
8402,dark softbrown sugar
8402,double cream
8402,double cream
8402,wholemilk
8402,vanilla extract
8402,egg yolks
8402,caster sugar
2490,marrowfat peas
2490,bicarbonate soda
2490,1celerystick
2490,1onion
2490,garlicbulb
2490,parsleystalks
2490,unsalted but ter
2490,maltvinegar
2490,unsalted but ter
2490,able oil
2490,1onion
2490,stickcelery
2490,carrot
2490,1apple
2490,mildcurry powder
2490,Maris Piperpotatoes
2490,unsaltedbutter
2490,plain flour
2490,eggs
2490,breadcrumbs panko breadcrumbs
2490,haddock
2490,salt groundblack pepper
2490,homemademayonnaise
2490,cornichons
2490,drainedcapers
2490,parsley
2490,freshtarragon
2490,1shallot
2490,½lemon juice
2490,lemonwedges
2490,parsleys igs
8773,rice flour
8773,‘00’flour
8773,water
8773,salt ground black pepper
8773,smallsquid
8773,vegetable oil
8773,salt ground black pepper
8773,egg yolk
8773,Dijon mustard
8773,pintolive oil
8773,garliccloves
8773,lemon juice
8773,salt ground black pepper
8773,redchilli
8773,spring onion
8773,coriander
309,wholemeal bread
309,drizzleolive oil
309,baby plumtomatoes
309,garlicclove
309,rashers backbacon
309,eggs
309,vinegar white wine vinegar
309,babyspinach
309,freshbasil
309,sea salt groundblack pepper
309,extra virgin olive oil
309,tbspsherry vinegar
309,wholegrain mustard
8101,smallonion
8101,white cabbage
8101,tspsalt
8101,pinchjuniper berries
8101,pinchcaraway seeds
8101,cidervinegar
8101,pollockfillets
8101,tbspcurry powder
8101,butter
8101,tbspolive oil
8101,garlicclove
8101,greenapple
6267,pork shoulder
6267,lean smokedbacon
6267,freshsage
6267,freshrosemary
6267,groundnutmeg
6267,groundallspice
6267,anchovy essence anchovies Worcestershire sauce
6267,salt groundblack pepper
6267,plain flour
6267,salt groundblack pepper
6267,wholemilk
6267,water
6267,ozlard
6267,egg yolk
5794,cold unsalted butter
5794,plain flour
5794,pinchsalt
5794,pinchcayenne pepper
5794,mustard powder
5794,maturecheddar
5794,parmesan hard cheese
5794,egg
5229,plain flour
5229,unsaltedbutter
5229,icing sugar
5229,egg
5229,mincemeat
5229,ozmarzipan
5229,icing sugar
5229,brandy cream
